Workbook

Sheet Gantt
A1: PLANNING GANTT — PROJET PILPRO
A3: N° | B3: Jour | C3: Tâche | D3: Début | E3: Fin | F3: Durée (h) | G3: Type | H3: Statut | I3: Avancement | J3: 0.33333333 | K3: 0.375 | L3: 0.41666667 | M3: 0.45833333 | N3: 0.5 | O3: 0.54166667 | P3: 0.58333333 | Q3: 0.625 | R3: 0.66666667 | S3: 0.70833333 | T3: 0.75 | U3: 0.79166667
A4: 1 | B4: Mer 07/10 | C4: Analyse du cahier des charges | D4: 0.33333333 | E4: 0.41666667 | F4: =(E4-D4)*24 -> 2 | G4: Normal | H4: Terminé | I4: 1 | J4: =IF(AND($J$3>=$D4,$J$3<$E4),$G4,"") -> Normal | K4: =IF(AND($K$3>=$D4,$K$3<$E4),$G4,"") -> Normal | L4: =IF(AND($L$3>=$D4,$L$3<$E4),$G4,"") | M4: =IF(AND($M$3>=$D4,$M$3<$E4),$G4,"") | N4: =IF(AND($N$3>=$D4,$N$3<$E4),$G4,"") | O4: =IF(AND($O$3>=$D4,$O$3<$E4),$G4,"") | P4: =IF(AND($P$3>=$D4,$P$3<$E4),$G4,"") | Q4: =IF(AND($Q$3>=$D4,$Q$3<$E4),$G4,"") | R4: =IF(AND($R$3>=$D4,$R$3<$E4),$G4,"") | S4: =IF(AND($S$3>=$D4,$S$3<$E4),$G4,"") | T4: =IF(AND($T$3>=$D4,$T$3<$E4),$G4,"") | U4: =IF(AND($U$3>=$D4,$U$3<$E4),$G4,"")
A5: 2 | B5: Mer 07/10 | C5: Trello : déclaration du projet, du groupe + captures | D5: 0.375 | E5: 0.45833333 | F5: =(E5-D5)*24 -> 2 | G5: Normal | H5: À faire | I5: 0 | J5: =IF(AND($J$3>=$D5,$J$3<$E5),$G5,"") | K5: =IF(AND($K$3>=$D5,$K$3<$E5),$G5,"") -> Normal | L5: =IF(AND($L$3>=$D5,$L$3<$E5),$G5,"") -> Normal | M5: =IF(AND($M$3>=$D5,$M$3<$E5),$G5,"") | N5: =IF(AND($N$3>=$D5,$N$3<$E5),$G5,"") | O5: =IF(AND($O$3>=$D5,$O$3<$E5),$G5,"") | P5: =IF(AND($P$3>=$D5,$P$3<$E5),$G5,"") | Q5: =IF(AND($Q$3>=$D5,$Q$3<$E5),$G5,"") | R5: =IF(AND($R$3>=$D5,$R$3<$E5),$G5,"") | S5: =IF(AND($S$3>=$D5,$S$3<$E5),$G5,"") | T5: =IF(AND($T$3>=$D5,$T$3<$E5),$G5,"") | U5: =IF(AND($U$3>=$D5,$U$3<$E5),$G5,"")
A6: 3 | B6: Mer 07/10 | C6: Définition des besoins et contraintes | D6: 0.41666667 | E6: 0.5 | F6: =(E6-D6)*24 -> 2 | G6: Normal | H6: Terminé | I6: 1 | J6: =IF(AND($J$3>=$D6,$J$3<$E6),$G6,"") | K6: =IF(AND($K$3>=$D6,$K$3<$E6),$G6,"") | L6: =IF(AND($L$3>=$D6,$L$3<$E6),$G6,"") -> Normal | M6: =IF(AND($M$3>=$D6,$M$3<$E6),$G6,"") -> Normal | N6: =IF(AND($N$3>=$D6,$N$3<$E6),$G6,"") | O6: =IF(AND($O$3>=$D6,$O$3<$E6),$G6,"") | P6: =IF(AND($P$3>=$D6,$P$3<$E6),$G6,"") | Q6: =IF(AND($Q$3>=$D6,$Q$3<$E6),$G6,"") | R6: =IF(AND($R$3>=$D6,$R$3<$E6),$G6,"") | S6: =IF(AND($S$3>=$D6,$S$3<$E6),$G6,"") | T6: =IF(AND($T$3>=$D6,$T$3<$E6),$G6,"") | U6: =IF(AND($U$3>=$D6,$U$3<$E6),$G6,"")
A7: 4 | B7: Mer 07/10 | C7: Rendu TP : rapport PowerPoint | D7: 0.45833333 | E7: 0.54166667 | F7: =(E7-D7)*24 -> 2 | G7: Normal | H7: À faire | I7: 0 | J7: =IF(AND($J$3>=$D7,$J$3<$E7),$G7,"") | K7: =IF(AND($K$3>=$D7,$K$3<$E7),$G7,"") | L7: =IF(AND($L$3>=$D7,$L$3<$E7),$G7,"") | M7: =IF(AND($M$3>=$D7,$M$3<$E7),$G7,"") -> Normal | N7: =IF(AND($N$3>=$D7,$N$3<$E7),$G7,"") -> Normal | O7: =IF(AND($O$3>=$D7,$O$3<$E7),$G7,"") | P7: =IF(AND($P$3>=$D7,$P$3<$E7),$G7,"") | Q7: =IF(AND($Q$3>=$D7,$Q$3<$E7),$G7,"") | R7: =IF(AND($R$3>=$D7,$R$3<$E7),$G7,"") | S7: =IF(AND($S$3>=$D7,$S$3<$E7),$G7,"") | T7: =IF(AND($T$3>=$D7,$T$3<$E7),$G7,"") | U7: =IF(AND($U$3>=$D7,$U$3<$E7),$G7,"")
A8: 5 | B8: Mer 07/10 | C8: Rendu TP : export PDF + vérification | D8: 0.54166667 | E8: 0.5625 | F8: =(E8-D8)*24 -> 0.5 | G8: Normal | H8: À faire | I8: 0 | J8: =IF(AND($J$3>=$D8,$J$3<$E8),$G8,"") | K8: =IF(AND($K$3>=$D8,$K$3<$E8),$G8,"") | L8: =IF(AND($L$3>=$D8,$L$3<$E8),$G8,"") | M8: =IF(AND($M$3>=$D8,$M$3<$E8),$G8,"") | N8: =IF(AND($N$3>=$D8,$N$3<$E8),$G8,"") | O8: =IF(AND($O$3>=$D8,$O$3<$E8),$G8,"") -> Normal | P8: =IF(AND($P$3>=$D8,$P$3<$E8),$G8,"") | Q8: =IF(AND($Q$3>=$D8,$Q$3<$E8),$G8,"") | R8: =IF(AND($R$3>=$D8,$R$3<$E8),$G8,"") | S8: =IF(AND($S$3>=$D8,$S$3<$E8),$G8,"") | T8: =IF(AND($T$3>=$D8,$T$3<$E8),$G8,"") | U8: =IF(AND($U$3>=$D8,$U$3<$E8),$G8,"")
A9: 6 | B9: Mer 07/10 | C9: Conception de l'architecture réseau | D9: 0.54166667 | E9: 0.625 | F9: =(E9-D9)*24 -> 2 | G9: Normal | H9: Terminé | I9: 1 | J9: =IF(AND($J$3>=$D9,$J$3<$E9),$G9,"") | K9: =IF(AND($K$3>=$D9,$K$3<$E9),$G9,"") | L9: =IF(AND($L$3>=$D9,$L$3<$E9),$G9,"") | M9: =IF(AND($M$3>=$D9,$M$3<$E9),$G9,"") | N9: =IF(AND($N$3>=$D9,$N$3<$E9),$G9,"") | O9: =IF(AND($O$3>=$D9,$O$3<$E9),$G9,"") -> Normal | P9: =IF(AND($P$3>=$D9,$P$3<$E9),$G9,"") -> Normal | Q9: =IF(AND($Q$3>=$D9,$Q$3<$E9),$G9,"") | R9: =IF(AND($R$3>=$D9,$R$3<$E9),$G9,"") | S9: =IF(AND($S$3>=$D9,$S$3<$E9),$G9,"") | T9: =IF(AND($T$3>=$D9,$T$3<$E9),$G9,"") | U9: =IF(AND($U$3>=$D9,$U$3<$E9),$G9,"")
A10: 7 | B10: Mer 07/10 | C10: Schéma réseau + architecture détaillée | D10: 0.625 | E10: 0.75 | F10: =(E10-D10)*24 -> 3 | G10: Normal | H10: En attente/Bloqué | I10: 0 | J10: =IF(AND($J$3>=$D10,$J$3<$E10),$G10,"") | K10: =IF(AND($K$3>=$D10,$K$3<$E10),$G10,"") | L10: =IF(AND($L$3>=$D10,$L$3<$E10),$G10,"") | M10: =IF(AND($M$3>=$D10,$M$3<$E10),$G10,"") | N10: =IF(AND($N$3>=$D10,$N$3<$E10),$G10,"") | O10: =IF(AND($O$3>=$D10,$O$3<$E10),$G10,"") | P10: =IF(AND($P$3>=$D10,$P$3<$E10),$G10,"") | Q10: =IF(AND($Q$3>=$D10,$Q$3<$E10),$G10,"") -> Normal | R10: =IF(AND($R$3>=$D10,$R$3<$E10),$G10,"") -> Normal | S10: =IF(AND($S$3>=$D10,$S$3<$E10),$G10,"") -> Normal | T10: =IF(AND($T$3>=$D10,$T$3<$E10),$G10,"") | U10: =IF(AND($U$3>=$D10,$U$3<$E10),$G10,"")
A11: 8 | B11: Mer 07/10 | C11: Soir : vérification de l'architecture | D11: 0.75 | E11: 0.83333333 | F11: =(E11-D11)*24 -> 2 | G11: Heure sup | H11: À faire | I11: 0 | J11: =IF(AND($J$3>=$D11,$J$3<$E11),$G11,"") | K11: =IF(AND($K$3>=$D11,$K$3<$E11),$G11,"") | L11: =IF(AND($L$3>=$D11,$L$3<$E11),$G11,"") | M11: =IF(AND($M$3>=$D11,$M$3<$E11),$G11,"") | N11: =IF(AND($N$3>=$D11,$N$3<$E11),$G11,"") | O11: =IF(AND($O$3>=$D11,$O$3<$E11),$G11,"") | P11: =IF(AND($P$3>=$D11,$P$3<$E11),$G11,"") | Q11: =IF(AND($Q$3>=$D11,$Q$3<$E11),$G11,"") | R11: =IF(AND($R$3>=$D11,$R$3<$E11),$G11,"") | S11: =IF(AND($S$3>=$D11,$S$3<$E11),$G11,"") | T11: =IF(AND($T$3>=$D11,$T$3<$E11),$G11,"") -> Heure sup | U11: =IF(AND($U$3>=$D11,$U$3<$E11),$G11,"") -> Heure sup
A12: 9 | B12: Jeu 08/10 | C12: Plan d'adressage IP | D12: 0.33333333 | E12: 0.41666667 | F12: =(E12-D12)*24 -> 2 | G12: Normal | H12: Terminé | I12: 1 | J12: =IF(AND($J$3>=$D12,$J$3<$E12),$G12,"") -> Normal | K12: =IF(AND($K$3>=$D12,$K$3<$E12),$G12,"") -> Normal | L12: =IF(AND($L$3>=$D12,$L$3<$E12),$G12,"") | M12: =IF(AND($M$3>=$D12,$M$3<$E12),$G12,"") | N12: =IF(AND($N$3>=$D12,$N$3<$E12),$G12,"") | O12: =IF(AND($O$3>=$D12,$O$3<$E12),$G12,"") | P12: =IF(AND($P$3>=$D12,$P$3<$E12),$G12,"") | Q12: =IF(AND($Q$3>=$D12,$Q$3<$E12),$G12,"") | R12: =IF(AND($R$3>=$D12,$R$3<$E12),$G12,"") | S12: =IF(AND($S$3>=$D12,$S$3<$E12),$G12,"") | T12: =IF(AND($T$3>=$D12,$T$3<$E12),$G12,"") | U12: =IF(AND($U$3>=$D12,$U$3<$E12),$G12,"")
A13: 10 | B13: Jeu 08/10 | C13: Cahier financier | D13: 0.33333333 | E13: 0.39583333 | F13: =(E13-D13)*24 -> 1.5 | G13: Normal | H13: En cours | I13: 0.5 | J13: =IF(AND($J$3>=$D13,$J$3<$E13),$G13,"") -> Normal | K13: =IF(AND($K$3>=$D13,$K$3<$E13),$G13,"") -> Normal | L13: =IF(AND($L$3>=$D13,$L$3<$E13),$G13,"") | M13: =IF(AND($M$3>=$D13,$M$3<$E13),$G13,"") | N13: =IF(AND($N$3>=$D13,$N$3<$E13),$G13,"") | O13: =IF(AND($O$3>=$D13,$O$3<$E13),$G13,"") | P13: =IF(AND($P$3>=$D13,$P$3<$E13),$G13,"") | Q13: =IF(AND($Q$3>=$D13,$Q$3<$E13),$G13,"") | R13: =IF(AND($R$3>=$D13,$R$3<$E13),$G13,"") | S13: =IF(AND($S$3>=$D13,$S$3<$E13),$G13,"") | T13: =IF(AND($T$3>=$D13,$T$3<$E13),$G13,"") | U13: =IF(AND($U$3>=$D13,$U$3<$E13),$G13,"")
A14: 11 | B14: Jeu 08/10 | C14: Gantt | D14: 0.39583333 | E14: 0.4375 | F14: =(E14-D14)*24 -> 1 | G14: Normal | H14: En cours | I14: 0.5 | J14: =IF(AND($J$3>=$D14,$J$3<$E14),$G14,"") | K14: =IF(AND($K$3>=$D14,$K$3<$E14),$G14,"") | L14: =IF(AND($L$3>=$D14,$L$3<$E14),$G14,"") -> Normal | M14: =IF(AND($M$3>=$D14,$M$3<$E14),$G14,"") | N14: =IF(AND($N$3>=$D14,$N$3<$E14),$G14,"") | O14: =IF(AND($O$3>=$D14,$O$3<$E14),$G14,"") | P14: =IF(AND($P$3>=$D14,$P$3<$E14),$G14,"") | Q14: =IF(AND($Q$3>=$D14,$Q$3<$E14),$G14,"") | R14: =IF(AND($R$3>=$D14,$R$3<$E14),$G14,"") | S14: =IF(AND($S$3>=$D14,$S$3<$E14),$G14,"") | T14: =IF(AND($T$3>=$D14,$T$3<$E14),$G14,"") | U14: =IF(AND($U$3>=$D14,$U$3<$E14),$G14,"")
A15: 12 | B15: Jeu 08/10 | C15: Préparation des équipements | D15: 0.41666667 | E15: 0.5 | F15: =(E15-D15)*24 -> 2 | G15: Normal | H15: Terminé | I15: 1 | J15: =IF(AND($J$3>=$D15,$J$3<$E15),$G15,"") | K15: =IF(AND($K$3>=$D15,$K$3<$E15),$G15,"") | L15: =IF(AND($L$3>=$D15,$L$3<$E15),$G15,"") -> Normal | M15: =IF(AND($M$3>=$D15,$M$3<$E15),$G15,"") -> Normal | N15: =IF(AND($N$3>=$D15,$N$3<$E15),$G15,"") | O15: =IF(AND($O$3>=$D15,$O$3<$E15),$G15,"") | P15: =IF(AND($P$3>=$D15,$P$3<$E15),$G15,"") | Q15: =IF(AND($Q$3>=$D15,$Q$3<$E15),$G15,"") | R15: =IF(AND($R$3>=$D15,$R$3<$E15),$G15,"") | S15: =IF(AND($S$3>=$D15,$S$3<$E15),$G15,"") | T15: =IF(AND($T$3>=$D15,$T$3<$E15),$G15,"") | U15: =IF(AND($U$3>=$D15,$U$3<$E15),$G15,"")
... A36: 33 | B36: Ven 09/10 | C36: Soir : tests badgeuse / porte | D36: 0.75 | E36: 0.83333333 | F36: =(E36-D36)*24 -> 2 | G36: Heure sup | H36: À faire | I36: 0 | J36: =IF(AND($J$3>=$D36,$J$3<$E36),$G36,"") | K36: =IF(AND($K$3>=$D36,$K$3<$E36),$G36,"") | L36: =IF(AND($L$3>=$D36,$L$3<$E36),$G36,"") | M36: =IF(AND($M$3>=$D36,$M$3<$E36),$G36,"") | N36: =IF(AND($N$3>=$D36,$N$3<$E36),$G36,"") | O36: =IF(AND($O$3>=$D36,$O$3<$E36),$G36,"") | P36: =IF(AND($P$3>=$D36,$P$3<$E36),$G36,"") | Q36: =IF(AND($Q$3>=$D36,$Q$3<$E36),$G36,"") | R36: =IF(AND($R$3>=$D36,$R$3<$E36),$G36,"") | S36: =IF(AND($S$3>=$D36,$S$3<$E36),$G36,"") | T36: =IF(AND($T$3>=$D36,$T$3<$E36),$G36,"") -> Heure sup | U36: =IF(AND($U$3>=$D36,$U$3<$E36),$G36,"") -> Heure sup
C38: TOTAL | F38: =SUM(F4:F36) -> 55
B40: Légende : | C40: Heures normales | D40: Heures supplémentaires (soir)
B41: Note :

Sheet Synthèse
A1: SYNTHÈSE DU PROJET PILPRO
A3: Jour | B3: Heures normales | C3: Heures sup. | D3: Total (h)
A4: Aujourd'hui | B4: =SUMIFS(Gantt!$F$4:$F$22,Gantt!$B$4:$B$22,$A4,Gantt!$G$4:$G$22,"Normal") -> 0 | C4: =SUMIFS(Gantt!$F$4:$F$22,Gantt!$B$4:$B$22,$A4,Gantt!$G$4:$G$22,"Heure sup") -> 0 | D4: =B4+C4 -> 0
A5: 07/10 | B5: =SUMIFS(Gantt!$F$4:$F$22,Gantt!$B$4:$B$22,$A5,Gantt!$G$4:$G$22,"Normal") -> 0 | C5: =SUMIFS(Gantt!$F$4:$F$22,Gantt!$B$4:$B$22,$A5,Gantt!$G$4:$G$22,"Heure sup") -> 0 | D5: =B5+C5 -> 0
A6: 08/10 | B6: =SUMIFS(Gantt!$F$4:$F$22,Gantt!$B$4:$B$22,$A6,Gantt!$G$4:$G$22,"Normal") -> 0 | C6: =SUMIFS(Gantt!$F$4:$F$22,Gantt!$B$4:$B$22,$A6,Gantt!$G$4:$G$22,"Heure sup") -> 0 | D6: =B6+C6 -> 0
A7: 09/10 | B7: =SUMIFS(Gantt!$F$4:$F$22,Gantt!$B$4:$B$22,$A7,Gantt!$G$4:$G$22,"Normal") -> 0 | C7: =SUMIFS(Gantt!$F$4:$F$22,Gantt!$B$4:$B$22,$A7,Gantt!$G$4:$G$22,"Heure sup") -> 0 | D7: =B7+C7 -> 0
A8: TOTAL | B8: =SUM(B4:B7) -> 0 | C8: =SUM(C4:C7) -> 0 | D8: =SUM(D4:D7) -> 0
