Workbook

Sheet Synthèse
A1: Hôpital de campagne – Synthèse du projet réseau
A2: Matériel + installation + abonnements + planning. Tout est calculé à partir des autres onglets.
A4: Poste | B4: Minimum | C4: Maximum | D4: Détail
A5: Matériel réseau | B5: =Matériel!G23 -> 9060 | C5: =Matériel!H23 -> 9190 | D5: Onglet Matériel
A6: Installation (fournitures, main d'œuvre, liens) | B6: =Installation!G12 -> 17550 | C6: =Installation!H12 -> 23650 | D6: Onglet Installation
A7: Aléas | B7: =Hypothèses!B14*(B5+B6) -> 2661 | C7: =Hypothèses!B14*(C5+C6) -> 3284 | D7: % défini dans Hypothèses
A8: TOTAL À L'INSTALLATION | B8: =SUM(B5:B7) -> 29271 | C8: =SUM(C5:C7) -> 36124
A9: dont main d'œuvre (aléas non inclus) | B9: =Installation!G14 -> 15850 | C9: =Installation!H14 -> 18450 | D9: Économisable si l'installation est faite en interne
A10: total sans main d'œuvre (aléas inclus) | B10: =(B5+B6-B9)*(1+Hypothèses!B14) -> 11836 | C10: =(C5+C6-C9)*(1+Hypothèses!B14) -> 15829 | D10: Projet réalisé par l'équipe elle-même
A12: Abonnements Internet par mois | B12: =Abonnements!C8 -> 360 | C12: =Abonnements!D8 -> 1800 | D12: 3 liens : Orange FTTO, Free, 5G
A13: Abonnements Internet par an | B13: =Abonnements!C10 -> 4320 | C13: =Abonnements!D10 -> 21600
A14: COÛT DE LA PREMIÈRE ANNÉE | B14: =B8+B13 -> 33591 | C14: =C8+C13 -> 57724 | D14: Installation + 12 mois d'abonnement

Sheet Hypothèses
A1: Hypothèses du projet – hôpital de campagne
A2: Cellules bleues sur fond jaune = à modifier ; tout le reste du classeur se recalcule. Montants HT, estimations indicatives (devis à obtenir).
A4: Paramètre | B4: Valeur | C4: Unité / source
A5: Effectif de l'équipe technique | B5: 2 | C5: personnes (1 = projet seul, 2 à 3 = équipe)
A6: Jours ouvrés par semaine | B6: 5 | C6: jours
A7: Charge de configuration – minimum | B7: 20 | C7: jours-homme (estimation)
A8: Charge de configuration – maximum | B8: 24 | C8: jours-homme (estimation)
A9: Commande des liens Internet (début) | B9: 0 | C9: jours après le lancement (0 = commandés dès le début)
A10: Tarif journalier ingénieur réseau | B10: 650 | C10: € HT / jour (pratique courante en France)
A11: Tarif journalier technicien | B11: 450 | C11: € HT / jour (pratique courante en France)
A12: Montage physique des équipements | B12: 2 | C12: jours-homme (baies, brassage, étiquetage)
A13: Gestion de projet et recette | B13: 3 | C13: jours-homme
A14: Aléas | B14: 0.1 | C14: % appliqué au matériel + installation
A15: Inclure les onduleurs (1 = oui, 0 = non) | B15: 1 | C15: fourniture annexe, hors diagramme
A18: Périmètre : bâtiment existant, câblage et génie civil intérieur déjà réalisés ; génie civil extérieur exclu.
A19: Pare-feu : OPNsense (Deciso DEC740) comme dans le diagramme. Avec un Stormshield (cité dans le PDF des liens), prévoir environ +1 000 à 1 500 €.
A20: Sources des liens Internet : document « Coût des liens Internet, hôpital de campagne » fourni (Selectra, Echos du Net, LaFibreOptique, Arcep).

Sheet Matériel
A1: Matériel réseau – correspondance avec le diagramme
A2: Prix indicatifs HT (2025-2026). PU = prix unitaire. Alternatives moins chères indiquées dans les modèles.
A4: Équipement du diagramme | B4: Marque | C4: Modèle | D4: Qté | E4: PU min (€) | F4: PU max (€) | G4: Total min (€) | H4: Total max (€) | I4: Rôle / caractéristiques
A5: Pare-feu OPNsense | B5: Deciso | C5: DEC740 (OPNsense préinstallé) | D5: 1 | E5: 900 | F5: 900 | G5: =D5*E5 -> 900 | H5: =D5*F5 -> 900 | I5: IDS/IPS Suricata, VPN, Radius, portail captif, ~10 Gb/s, ports 10GbE SFP+ et 2,5GbE
A6: Switch L2 WAN (liens FTTO/FTTH/5G) | B6: TP-Link | C6: Omada SG2210P (ou TL-SG108E) | D6: 1 | E6: 100 | F6: 100 | G6: =D6*E6 -> 100 | H6: =D6*F6 -> 100 | I6: 8 ports gigabit, VLAN 802.1Q, administrable
A7: Switch L2 côté firewall | B7: Cisco | C7: CBS350-24T-4G | D7: 1 | E7: 450 | F7: 450 | G7: =D7*E7 -> 450 | H7: =D7*F7 -> 450 | I7: 24 ports gigabit, 4 SFP, VLAN, STP, LACP
A8: Routeurs de cœur et distribution (OSPF) | B8: MikroTik | C8: RB5009UG+S+IN | D8: 6 | E8: 220 | F8: 220 | G8: =D8*E8 -> 1320 | H8: =D8*F8 -> 1320 | I8: OSPF, VRRP, 7 ports gigabit + 1 SFP+ 10G
A9: Switch L2 LAN 1 (salle d'opération) | B9: Cisco | C9: CBS250-24PP-4G | D9: 1 | E9: 330 | F9: 330 | G9: =D9*E9 -> 330 | H9: =D9*F9 -> 330 | I9: 24 ports gigabit, PoE+ 100 W, VLAN
A10: Switch L2 LAN 2 (labo/stock) | B10: Cisco | C10: CBS250-24PP-4G | D10: 1 | E10: 330 | F10: 330 | G10: =D10*E10 -> 330 | H10: =D10*F10 -> 330 | I10: PoE+ pour alimenter la borne Wi-Fi
A11: Switch L2 LAN 3 (hall) | B11: Cisco | C11: CBS250-24PP-4G | D11: 1 | E11: 330 | F11: 330 | G11: =D11*E11 -> 330 | H11: =D11*F11 -> 330 | I11: PoE pour borne, téléphone IP et capteur
A12: Switch L2 LAN 4 (chambre) | B12: Cisco | C12: CBS250-8PP-D | D12: 1 | E12: 150 | F12: 150 | G12: =D12*E12 -> 150 | H12: =D12*F12 -> 150 | I12: 8 ports PoE+, sans ventilateur (silencieux)
A13: Switch L2 LAN 5 (serveurs) | B13: Cisco | C13: CBS350-24T-4G | D13: 1 | E13: 450 | F13: 450 | G13: =D13*E13 -> 450 | H13: =D13*F13 -> 450 | I13: Liaisons stables vers les serveurs, SFP en liaison montante
A14: Bornes Wi-Fi (LAN 2 et LAN 3, roaming) | B14: Ubiquiti | C14: UniFi U6 Pro (ou TP-Link EAP650) | D14: 2 | E14: 160 | F14: 160 | G14: =D14*E14 -> 320 | H14: =D14*F14 -> 320 | I14: Wi-Fi 6, PoE, roaming 802.11r/k/v, SSID par VLAN, Radius
A15: Contrôleur Wi-Fi | B15: Ubiquiti | C15: UniFi Cloud Gateway / contrôleur logiciel | D15: 1 | E15: 0 | F15: 130 | G15: =D15*E15 -> 0 | H15: =D15*F15 -> 130 | I15: Gestion centralisée du roaming (logiciel sur serveur = gratuit)
A16: Serveur Windows DHCP/DNS/AD (.1) | B16: Dell | C16: PowerEdge T150 + Windows Server 2022 Essentials | D16: 1 | E16: 1200 | F16: 1200 | G16: =D16*E16 -> 1200 | H16: =D16*F16 -> 1200 | I16: Xeon E-2300, 16 Go ECC, 2 disques en RAID 1
... A22: PC (hall d'accueil) | B22: Dell | C22: OptiPlex 3000 Micro | D22: 2 | E22: 550 | F22: 550 | G22: =D22*E22 -> 1100 | H22: =D22*F22 -> 1100 | I22: Poste d'accueil, Ethernet gigabit
A23: TOTAL MATÉRIEL | G23: =SUM(G5:G22) -> 9060 | H23: =SUM(H5:H22) -> 9190

Sheet Abonnements
A1: Liens Internet – abonnements et installation
A2: Source : document « Coût des liens Internet, hôpital de campagne » fourni (montants HT indicatifs, seul un devis fait foi).
A4: Lien | B4: VLAN | C4: Abonnement mensuel min (€) | D4: Abonnement mensuel max (€) | E4: Installation min (€) | F4: Installation max (€) | G4: Remarque
A5: Fibre Orange FTTO | B5: 10 | C5: 300 | D5: 1700 | E5: 0 | F5: 3500 | G5: Fibre dédiée entreprise, GTR 4 h, débit symétrique. Frais selon distance au réseau opérateur (génie civil exclu).
A6: Fibre Free (Freebox Pro) | B6: 20 | C6: 40 | D6: 40 | E6: 0 | F6: 0 | G6: Fibre mutualisée, sans garantie de rétablissement. Installation à confirmer auprès de Free.
A7: 5G data pro (double SIM) | B7: 30 | C7: 20 | D7: 60 | E7: 0 | F7: 0 | G7: Lien de secours ; cartes SIM de quelques dizaines d'euros (négligeable).
A8: TOTAL | C8: =SUM(C5:C7) -> 360 | D8: =SUM(D5:D7) -> 1800 | E8: =SUM(E5:E7) -> 0 | F8: =SUM(F5:F7) -> 3500
A10: Coût annuel des abonnements | C10: =C8*12 -> 4320 | D10: =D8*12 -> 21600
A12: Basculement automatique par le pare-feu : Orange, puis Free, puis 5G (secours).

Sheet Installation
A1: Installation et main d'œuvre
A2: Bâtiment existant : câblage et génie civil intérieur déjà faits, donc non comptés. Génie civil extérieur exclu.
A4: Poste | B4: Type | C4: Qté min | D4: Qté max | E4: PU min (€) | F4: PU max (€) | G4: Total min (€) | H4: Total max (€) | I4: Remarque
A5: Cordons de brassage et multiprises | B5: Fourniture | C5: 1 | D5: 1 | E5: 300 | F5: 300 | G5: =C5*E5 -> 300 | H5: =D5*F5 -> 300 | I5: Forfait
A6: Routeur 5G (ex. Teltonika RUTX50) | B6: Fourniture | C6: 1 | D6: 1 | E6: 400 | F6: 400 | G6: =C6*E6 -> 400 | H6: =D6*F6 -> 400 | I6: Cité dans le PDF des liens, absent du tableau matériel
A7: Onduleurs (1 gros + 3 petits) | B7: Fourniture | C7: =Hypothèses!B15 -> 1 | D7: =Hypothèses!B15 -> 1 | E7: 1000 | F7: 1000 | G7: =C7*E7 -> 1000 | H7: =D7*F7 -> 1000 | I7: Optionnel, hors diagramme (voir Hypothèses)
A8: Montage physique des équipements | B8: Main d'œuvre | C8: =Hypothèses!B12 -> 2 | D8: =Hypothèses!B12 -> 2 | E8: =Hypothèses!B11 -> 450 | F8: =Hypothèses!B11 -> 450 | G8: =C8*E8 -> 900 | H8: =D8*F8 -> 900 | I8: Technicien : fixation en baie, brassage, étiquetage
A9: Configuration de tous les équipements | B9: Main d'œuvre | C9: =Hypothèses!B7 -> 20 | D9: =Hypothèses!B8 -> 24 | E9: =Hypothèses!B10 -> 650 | F9: =Hypothèses!B10 -> 650 | G9: =C9*E9 -> 13000 | H9: =D9*F9 -> 15600 | I9: Ingénieur réseau : firewall, routeurs, switchs, Wi-Fi, serveurs, postes
A10: Gestion de projet et recette | B10: Main d'œuvre | C10: =Hypothèses!B13 -> 3 | D10: =Hypothèses!B13 -> 3 | E10: =Hypothèses!B10 -> 650 | F10: =Hypothèses!B10 -> 650 | G10: =C10*E10 -> 1950 | H10: =D10*F10 -> 1950 | I10: Coordination, documentation, tests finaux
A11: Frais d'installation des liens Internet | B11: Opérateurs | C11: 1 | D11: 1 | E11: =Abonnements!E8 -> 0 | F11: =Abonnements!F8 -> 3500 | G11: =C11*E11 -> 0 | H11: =D11*F11 -> 3500 | I11: Selon le PDF des liens (0 à 3 500 €)
A12: SOUS-TOTAL INSTALLATION (hors aléas) | G12: =SUM(G5:G11) -> 17550 | H12: =SUM(H5:H11) -> 23650
A14: Dont main d'œuvre | G14: =SUM(G8:G10) -> 15850 | H14: =SUM(H8:H10) -> 18450

Sheet Planning
A1: Planning estimé – de la commande à la mise en service
A2: Durées en jours ouvrés. Gantt (colonnes N à Z) : pire cas, par semaine. Les durées de configuration dépendent de l'effectif (onglet Hypothèses).
A4: N° | B4: Phase | C4: Durée min (j) | D4: Durée max (j) | E4: Début min (j) | F4: Fin min (j) | G4: Début max (j) | H4: Fin max (j) | I4: Fin min (sem) | J4: Fin max (sem) | K4: Remarque | N4: S1 | O4: S2 | P4: S3 | Q4: S4 | R4: S5 | S4: S6 | T4: S7 | U4: S8 | V4: S9 | W4: S10 | X4: S11 | Y4: S12 | Z4: S13
A5: 1 | B5: Étude et commandes (plan IP/VLAN, devis, commandes) | C5: 5 | D5: 10 | E5: =0 -> 0 | F5: =E5+C5 -> 5 | G5: =0 -> 0 | H5: =G5+D5 -> 10 | I5: =F5/Hypothèses!$B$6 -> 1 | J5: =H5/Hypothèses!$B$6 -> 2 | K5: Commander les liens en priorité. | N5: =IF(AND(1*Hypothèses!$B$6>G5,(1-1)*Hypothèses!$B$6<H5),1,0) -> 1 | O5: =IF(AND(2*Hypothèses!$B$6>G5,(2-1)*Hypothèses!$B$6<H5),1,0) -> 1 | P5: =IF(AND(3*Hypothèses!$B$6>G5,(3-1)*Hypothèses!$B$6<H5),1,0) -> 0 | Q5: =IF(AND(4*Hypothèses!$B$6>G5,(4-1)*Hypothèses!$B$6<H5),1,0) -> 0 | R5: =IF(AND(5*Hypothèses!$B$6>G5,(5-1)*Hypothèses!$B$6<H5),1,0) -> 0 | S5: =IF(AND(6*Hypothèses!$B$6>G5,(6-1)*Hypothèses!$B$6<H5),1,0) -> 0 | T5: =IF(AND(7*Hypothèses!$B$6>G5,(7-1)*Hypothèses!$B$6<H5),1,0) -> 0 | U5: =IF(AND(8*Hypothèses!$B$6>G5,(8-1)*Hypothèses!$B$6<H5),1,0) -> 0 | V5: =IF(AND(9*Hypothèses!$B$6>G5,(9-1)*Hypothèses!$B$6<H5),1,0) -> 0 | W5: =IF(AND(10*Hypothèses!$B$6>G5,(10-1)*Hypothèses!$B$6<H5),1,0) -> 0 | X5: =IF(AND(11*Hypothèses!$B$6>G5,(11-1)*Hypothèses!$B$6<H5),1,0) -> 0 | Y5: =IF(AND(12*Hypothèses!$B$6>G5,(12-1)*Hypothèses!$B$6<H5),1,0) -> 0 | Z5: =IF(AND(13*Hypothèses!$B$6>G5,(13-1)*Hypothèses!$B$6<H5),1,0) -> 0
A6: 2 | B6: Livraison du matériel | C6: 5 | D6: 15 | E6: =F5 -> 5 | F6: =E6+C6 -> 10 | G6: =H5 -> 10 | H6: =G6+D6 -> 25 | I6: =F6/Hypothèses!$B$6 -> 2 | J6: =H6/Hypothèses!$B$6 -> 5 | K6: Selon le stock du revendeur. | N6: =IF(AND(1*Hypothèses!$B$6>G6,(1-1)*Hypothèses!$B$6<H6),1,0) -> 0 | O6: =IF(AND(2*Hypothèses!$B$6>G6,(2-1)*Hypothèses!$B$6<H6),1,0) -> 0 | P6: =IF(AND(3*Hypothèses!$B$6>G6,(3-1)*Hypothèses!$B$6<H6),1,0) -> 1 | Q6: =IF(AND(4*Hypothèses!$B$6>G6,(4-1)*Hypothèses!$B$6<H6),1,0) -> 1 | R6: =IF(AND(5*Hypothèses!$B$6>G6,(5-1)*Hypothèses!$B$6<H6),1,0) -> 1 | S6: =IF(AND(6*Hypothèses!$B$6>G6,(6-1)*Hypothèses!$B$6<H6),1,0) -> 0 | T6: =IF(AND(7*Hypothèses!$B$6>G6,(7-1)*Hypothèses!$B$6<H6),1,0) -> 0 | U6: =IF(AND(8*Hypothèses!$B$6>G6,(8-1)*Hypothèses!$B$6<H6),1,0) -> 0 | V6: =IF(AND(9*Hypothèses!$B$6>G6,(9-1)*Hypothèses!$B$6<H6),1,0) -> 0 | W6: =IF(AND(10*Hypothèses!$B$6>G6,(10-1)*Hypothèses!$B$6<H6),1,0) -> 0 | X6: =IF(AND(11*Hypothèses!$B$6>G6,(11-1)*Hypothèses!$B$6<H6),1,0) -> 0 | Y6: =IF(AND(12*Hypothèses!$B$6>G6,(12-1)*Hypothèses!$B$6<H6),1,0) -> 0 | Z6: =IF(AND(13*Hypothèses!$B$6>G6,(13-1)*Hypothèses!$B$6<H6),1,0) -> 0
A7: 3 | B7: Raccordement des liens Internet | C7: 10 | D7: 60 | E7: =Hypothèses!B9 -> 0 | F7: =E7+C7 -> 10 | G7: =Hypothèses!B9 -> 0 | H7: =G7+D7 -> 60 | I7: =F7/Hypothèses!$B$6 -> 2 | J7: =H7/Hypothèses!$B$6 -> 12 | K7: 5G en quelques jours, Free 2 à 6 sem., Orange FTTO 4 à 12 sem. | N7: =IF(AND(1*Hypothèses!$B$6>G7,(1-1)*Hypothèses!$B$6<H7),1,0) -> 1 | O7: =IF(AND(2*Hypothèses!$B$6>G7,(2-1)*Hypothèses!$B$6<H7),1,0) -> 1 | P7: =IF(AND(3*Hypothèses!$B$6>G7,(3-1)*Hypothèses!$B$6<H7),1,0) -> 1 | Q7: =IF(AND(4*Hypothèses!$B$6>G7,(4-1)*Hypothèses!$B$6<H7),1,0) -> 1 | R7: =IF(AND(5*Hypothèses!$B$6>G7,(5-1)*Hypothèses!$B$6<H7),1,0) -> 1 | S7: =IF(AND(6*Hypothèses!$B$6>G7,(6-1)*Hypothèses!$B$6<H7),1,0) -> 1 | T7: =IF(AND(7*Hypothèses!$B$6>G7,(7-1)*Hypothèses!$B$6<H7),1,0) -> 1 | U7: =IF(AND(8*Hypothèses!$B$6>G7,(8-1)*Hypothèses!$B$6<H7),1,0) -> 1 | V7: =IF(AND(9*Hypothèses!$B$6>G7,(9-1)*Hypothèses!$B$6<H7),1,0) -> 1 | W7: =IF(AND(10*Hypothèses!$B$6>G7,(10-1)*Hypothèses!$B$6<H7),1,0) -> 1 | X7: =IF(AND(11*Hypothèses!$B$6>G7,(11-1)*Hypothèses!$B$6<H7),1,0) -> 1 | Y7: =IF(AND(12*Hypothèses!$B$6>G7,(12-1)*Hypothèses!$B$6<H7),1,0) -> 1 | Z7: =IF(AND(13*Hypothèses!$B$6>G7,(13-1)*Hypothèses!$B$6<H7),1,0) -> 0
A8: 4 | B8: Montage physique (baies, brassage, étiquetage) | C8: =Hypothèses!B12 -> 2 | D8: =Hypothèses!B12 -> 2 | E8: =F6 -> 10 | F8: =E8+C8 -> 12 | G8: =H6 -> 25 | H8: =G8+D8 -> 27 | I8: =F8/Hypothèses!$B$6 -> 2.4 | J8: =H8/Hypothèses!$B$6 -> 5.4 | K8: Dès réception du matériel. | N8: =IF(AND(1*Hypothèses!$B$6>G8,(1-1)*Hypothèses!$B$6<H8),1,0) -> 0 | O8: =IF(AND(2*Hypothèses!$B$6>G8,(2-1)*Hypothèses!$B$6<H8),1,0) -> 0 | P8: =IF(AND(3*Hypothèses!$B$6>G8,(3-1)*Hypothèses!$B$6<H8),1,0) -> 0 | Q8: =IF(AND(4*Hypothèses!$B$6>G8,(4-1)*Hypothèses!$B$6<H8),1,0) -> 0 | R8: =IF(AND(5*Hypothèses!$B$6>G8,(5-1)*Hypothèses!$B$6<H8),1,0) -> 0 | S8: =IF(AND(6*Hypothèses!$B$6>G8,(6-1)*Hypothèses!$B$6<H8),1,0) -> 1 | T8: =IF(AND(7*Hypothèses!$B$6>G8,(7-1)*Hypothèses!$B$6<H8),1,0) -> 0 | U8: =IF(AND(8*Hypothèses!$B$6>G8,(8-1)*Hypothèses!$B$6<H8),1,0) -> 0 | V8: =IF(AND(9*Hypothèses!$B$6>G8,(9-1)*Hypothèses!$B$6<H8),1,0) -> 0 | W8: =IF(AND(10*Hypothèses!$B$6>G8,(10-1)*Hypothèses!$B$6<H8),1,0) -> 0 | X8: =IF(AND(11*Hypothèses!$B$6>G8,(11-1)*Hypothèses!$B$6<H8),1,0) -> 0 | Y8: =IF(AND(12*Hypothèses!$B$6>G8,(12-1)*Hypothèses!$B$6<H8),1,0) -> 0 | Z8: =IF(AND(13*Hypothèses!$B$6>G8,(13-1)*Hypothèses!$B$6<H8),1,0) -> 0
A9: 5 | B9: Configuration (firewall, routeurs, switchs, Wi-Fi, serveurs, postes) | C9: =Hypothèses!B7/Hypothèses!B5 -> 10 | D9: =Hypothèses!B8/Hypothèses!B5 -> 12 | E9: =F8 -> 12 | F9: =E9+C9 -> 22 | G9: =H8 -> 27 | H9: =G9+D9 -> 39 | I9: =F9/Hypothèses!$B$6 -> 4.4 | J9: =H9/Hypothèses!$B$6 -> 7.8 | K9: Charge en jours-homme divisée par l'effectif. | N9: =IF(AND(1*Hypothèses!$B$6>G9,(1-1)*Hypothèses!$B$6<H9),1,0) -> 0 | O9: =IF(AND(2*Hypothèses!$B$6>G9,(2-1)*Hypothèses!$B$6<H9),1,0) -> 0 | P9: =IF(AND(3*Hypothèses!$B$6>G9,(3-1)*Hypothèses!$B$6<H9),1,0) -> 0 | Q9: =IF(AND(4*Hypothèses!$B$6>G9,(4-1)*Hypothèses!$B$6<H9),1,0) -> 0 | R9: =IF(AND(5*Hypothèses!$B$6>G9,(5-1)*Hypothèses!$B$6<H9),1,0) -> 0 | S9: =IF(AND(6*Hypothèses!$B$6>G9,(6-1)*Hypothèses!$B$6<H9),1,0) -> 1 | T9: =IF(AND(7*Hypothèses!$B$6>G9,(7-1)*Hypothèses!$B$6<H9),1,0) -> 1 | U9: =IF(AND(8*Hypothèses!$B$6>G9,(8-1)*Hypothèses!$B$6<H9),1,0) -> 1 | V9: =IF(AND(9*Hypothèses!$B$6>G9,(9-1)*Hypothèses!$B$6<H9),1,0) -> 0 | W9: =IF(AND(10*Hypothèses!$B$6>G9,(10-1)*Hypothèses!$B$6<H9),1,0) -> 0 | X9: =IF(AND(11*Hypothèses!$B$6>G9,(11-1)*Hypothèses!$B$6<H9),1,0) -> 0 | Y9: =IF(AND(12*Hypothèses!$B$6>G9,(12-1)*Hypothèses!$B$6<H9),1,0) -> 0 | Z9: =IF(AND(13*Hypothèses!$B$6>G9,(13-1)*Hypothèses!$B$6<H9),1,0) -> 0
A10: 6 | B10: Tests et recette (bascule, roaming, VRRP, sauvegardes) | C10: 3 | D10: 5 | E10: =F9 -> 22 | F10: =E10+C10 -> 25 | G10: =H9 -> 39 | H10: =G10+D10 -> 44 | I10: =F10/Hypothèses!$B$6 -> 5 | J10: =H10/Hypothèses!$B$6 -> 8.8 | K10: Documentation incluse. | N10: =IF(AND(1*Hypothèses!$B$6>G10,(1-1)*Hypothèses!$B$6<H10),1,0) -> 0 | O10: =IF(AND(2*Hypothèses!$B$6>G10,(2-1)*Hypothèses!$B$6<H10),1,0) -> 0 | P10: =IF(AND(3*Hypothèses!$B$6>G10,(3-1)*Hypothèses!$B$6<H10),1,0) -> 0 | Q10: =IF(AND(4*Hypothèses!$B$6>G10,(4-1)*Hypothèses!$B$6<H10),1,0) -> 0 | R10: =IF(AND(5*Hypothèses!$B$6>G10,(5-1)*Hypothèses!$B$6<H10),1,0) -> 0 | S10: =IF(AND(6*Hypothèses!$B$6>G10,(6-1)*Hypothèses!$B$6<H10),1,0) -> 0 | T10: =IF(AND(7*Hypothèses!$B$6>G10,(7-1)*Hypothèses!$B$6<H10),1,0) -> 0 | U10: =IF(AND(8*Hypothèses!$B$6>G10,(8-1)*Hypothèses!$B$6<H10),1,0) -> 1 | V10: =IF(AND(9*Hypothèses!$B$6>G10,(9-1)*Hypothèses!$B$6<H10),1,0) -> 1 | W10: =IF(AND(10*Hypothèses!$B$6>G10,(10-1)*Hypothèses!$B$6<H10),1,0) -> 0 | X10: =IF(AND(11*Hypothèses!$B$6>G10,(11-1)*Hypothèses!$B$6<H10),1,0) -> 0 | Y10: =IF(AND(12*Hypothèses!$B$6>G10,(12-1)*Hypothèses!$B$6<H10),1,0) -> 0 | Z10: =IF(AND(13*Hypothèses!$B$6>G10,(13-1)*Hypothèses!$B$6<H10),1,0) -> 0
A11: 7 | B11: Mise en service interne et prise en main | C11: 1 | D11: 2 | E11: =F10 -> 25 | F11: =E11+C11 -> 26 | G11: =H10 -> 44 | H11: =G11+D11 -> 46 | I11: =F11/Hypothèses!$B$6 -> 5.2 | J11: =H11/Hypothèses!$B$6 -> 9.2 | K11: Réseau interne sur 5G/Free si Orange pas prêt. | N11: =IF(AND(1*Hypothèses!$B$6>G11,(1-1)*Hypothèses!$B$6<H11),1,0) -> 0 | O11: =IF(AND(2*Hypothèses!$B$6>G11,(2-1)*Hypothèses!$B$6<H11),1,0) -> 0 | P11: =IF(AND(3*Hypothèses!$B$6>G11,(3-1)*Hypothèses!$B$6<H11),1,0) -> 0 | Q11: =IF(AND(4*Hypothèses!$B$6>G11,(4-1)*Hypothèses!$B$6<H11),1,0) -> 0 | R11: =IF(AND(5*Hypothèses!$B$6>G11,(5-1)*Hypothèses!$B$6<H11),1,0) -> 0 | S11: =IF(AND(6*Hypothèses!$B$6>G11,(6-1)*Hypothèses!$B$6<H11),1,0) -> 0 | T11: =IF(AND(7*Hypothèses!$B$6>G11,(7-1)*Hypothèses!$B$6<H11),1,0) -> 0 | U11: =IF(AND(8*Hypothèses!$B$6>G11,(8-1)*Hypothèses!$B$6<H11),1,0) -> 0 | V11: =IF(AND(9*Hypothèses!$B$6>G11,(9-1)*Hypothèses!$B$6<H11),1,0) -> 1 | W11: =IF(AND(10*Hypothèses!$B$6>G11,(10-1)*Hypothèses!$B$6<H11),1,0) -> 1 | X11: =IF(AND(11*Hypothèses!$B$6>G11,(11-1)*Hypothèses!$B$6<H11),1,0) -> 0 | Y11: =IF(AND(12*Hypothèses!$B$6>G11,(12-1)*Hypothèses!$B$6<H11),1,0) -> 0 | Z11: =IF(AND(13*Hypothèses!$B$6>G11,(13-1)*Hypothèses!$B$6<H11),1,0) -> 0
B12: Mise en service complète (tous les liens prêts) | F12: =MAX(F11,F7) -> 26 | H12: =MAX(H11,H7) -> 60 | I12: =F12/Hypothèses!$B$6 -> 5.2 | J12: =H12/Hypothèses!$B$6 -> 12 | K12: Dépend surtout du délai de l'Orange FTTO.

Sheet Scénarios
A1: Durée selon la taille de l'équipe
A3: Scénario | B3: Effectif | C3: Réseau interne prêt – min (sem) | D3: Réseau interne prêt – max (sem) | E3: Tous liens prêts – min (sem) | F3: Tous liens prêts – max (sem)
A4: 1 seule personne (projet scolaire) | B4: 1 | C4: =(Planning!$C$5+Planning!$C$6+Planning!$C$8+Hypothèses!$B$7/B4+Planning!$C$10+Planning!$C$11)/Hypothèses!$B$6 -> 7.2 | D4: =(Planning!$D$5+Planning!$D$6+Planning!$D$8+Hypothèses!$B$8/B4+Planning!$D$10+Planning!$D$11)/Hypothèses!$B$6 -> 11.6 | E4: =MAX(C4,(Hypothèses!$B$9+Planning!$C$7)/Hypothèses!$B$6) -> 7.2 | F4: =MAX(D4,(Hypothèses!$B$9+Planning!$D$7)/Hypothèses!$B$6) -> 12
A5: Équipe de 2 | B5: 2 | C5: =(Planning!$C$5+Planning!$C$6+Planning!$C$8+Hypothèses!$B$7/B5+Planning!$C$10+Planning!$C$11)/Hypothèses!$B$6 -> 5.2 | D5: =(Planning!$D$5+Planning!$D$6+Planning!$D$8+Hypothèses!$B$8/B5+Planning!$D$10+Planning!$D$11)/Hypothèses!$B$6 -> 9.2 | E5: =MAX(C5,(Hypothèses!$B$9+Planning!$C$7)/Hypothèses!$B$6) -> 5.2 | F5: =MAX(D5,(Hypothèses!$B$9+Planning!$D$7)/Hypothèses!$B$6) -> 12
A6: Équipe de 3 | B6: 3 | C6: =(Planning!$C$5+Planning!$C$6+Planning!$C$8+Hypothèses!$B$7/B6+Planning!$C$10+Planning!$C$11)/Hypothèses!$B$6 -> 4.5333333 | D6: =(Planning!$D$5+Planning!$D$6+Planning!$D$8+Hypothèses!$B$8/B6+Planning!$D$10+Planning!$D$11)/Hypothèses!$B$6 -> 8.4 | E6: =MAX(C6,(Hypothèses!$B$9+Planning!$C$7)/Hypothèses!$B$6) -> 4.5333333 | F6: =MAX(D6,(Hypothèses!$B$9+Planning!$D$7)/Hypothèses!$B$6) -> 12
A8: Le réseau interne peut être mis en service avant l'Orange FTTO (sur 5G ou Free) ; « tous liens prêts » est limité par le délai de l'opérateur.
